{
	"schemaVersion": 1,
	"id": "easy-bedrock-breaker",
	"version": "${version}",
	"name": "Easy Bedrock Breaker",
	"description": "This is an example description! Tell everyone what your mod is about!",
	"authors": [
		"Me!"
	],
	"contact": {
		"homepage": "https://fabricmc.net/",
		"sources": "https://github.com/FabricMC/fabric-example-mod"
	},
	"license": "CC0-1.0",
	"icon": "assets/easy-bedrock-breaker/icon.png",
	"environment": "*",
	"entrypoints": {
		"main": [
			"com.bread.EasyBedrockBreaker"
		]
	},
	"mixins": [
		"easy-bedrock-breaker.mixins.json"
	],
	"depends": {
		"fabricloader": ">=0.15.9",
		"minecraft": "~1.20.2",
		"java": ">=17",
		"fabric-api": "*"
	},
	"suggests": {
		"another-mod": "*"
	}
}